time,x,y,z,p1
0.0,0.0,0.0,0.0,0.014142135623730952
0.1,249.7224687404925,11.776612677410666,0.07853658655910338,0.014362525955263777
0.2,497.78098230154,47.05415665925716,0.15705379539064146,0.014579372548428232
0.30000000000000004,742.5177432874183,105.67592395318704,0.23553225354821333,0.014792621899572192
0.4,982.2872507286887,187.38131458572462,0.31395259764656686,0.01500222139260919
0.5,1215.4624004970956,291.80670481988176,0.3922954786392247,0.015208119312000619
0.6000000000000001,1440.4405285154148,418.48665905884405,0.4705415665925716,0.015410264855515785
0.7000000000000001,1655.6493779482046,566.8554818467616,0.5486715554552264,0.015608608146766595
0.8,1859.5529717765028,736.2491053693559,0.6266661678215213,0.015803100247513805
0.9,2050.657372429752,925.9073068614947,0.7045061596879133,0.01599369316974181
1.0,2227.51631047092,1134.976249348867,0.7821723252011543,0.016180339887498948
1.1,2388.736664705026,1362.511338189121,0.8596455013970478,0.016362994348500467
1.2000000000000002,2532.983776506045,1607.4803849369903,0.9369065729286231,0.016541611485491235
1.3,2658.9865816313263,1868.7670691406554,1.0139364767825625,0.016716147227365405
1.4000000000000001,2765.5425433149167,2145.174687785418,1.0907162069827128,0.0168865585100403
1.5,2851.522371000116,2435.4301812381887,1.167226819279527,0.017052803287081843
1.6,2915.874509685646,2738.188423714755,1.243449435824274,0.017214840540078873
1.7000000000000002,2957.629385517336,3052.0367654935526,1.3193652498268647,0.017372630288763825
1.8,2975.903393956434,3375.4998133370677,1.3949555301961465,0.01752613360087727
1.9000000000000001,2969.9026175945996,3707.044434857066,1.4702016261615198,0.01767531260177387
2.0,2938.926261462366,4045.084971874737,1.545084971874737,0.017820130483767356
2.1,2882.369794490192,4387.98864718342,1.619587090990747,0.017960551515212312
2.2,2799.727786627042,4734.081148521691,1.693689601226457,0.018096541049320392
2.3000000000000003,2690.5964319982972,5081.652373009988,1.767374218896286,0.018228065532708906
2.4000000000000004,2554.675749390435,5428.962314796118,1.8406227634233898,0.018355092513679623
2.5,2391.7714522818114,5774.247078195542,1.913417161825449,0.018477590650225736
2.6,2201.7964815943947,6115.724998202465,1.985739453173903,0.018595529717765027
2.7,1984.7721953180512,6451.602849888728,2.0575717930255437,0.018708880616597347
2.8000000000000003,1740.8292101539835,6780.0821279004185,2.1288964578253635,0.01881761537908451
2.9000000000000004,1470.207891334714,7099.3653770078035,2.1996958492795757,0.018921707176550905
3.0,1173.258487801732,7407.6625544635335,2.2699524986977337,0.019021130325903073
3.1,850.4409109556016,7703.197404777643,2.339649071302867,0.019115860295966604
3.2,502.32415623450646,7984.213827426172,2.4087683705085765,0.01920587371353886
3.3000000000000003,129.58536782252034,8248.9822179737,2.4772933421620373,0.01929114836915596
3.4000000000000004,-266.9914521640904,8495.80576310872,2.5452070787518566,0.01937166322257262
3.5,-686.5170876186427,8723.026670164869,2.612492823579744,0.019447398407953533
3.6,-1127.9991020787372,8929.0323118303,2.679133974894983,0.019518335238774946
3.7,-1590.3441775845367,9112.261266931659,2.745114089990659,0.019584456212435316
3.8000000000000003,-2072.3607932671543,9271.209238418101,2.8104168892606527,0.019645745014573772
3.9000000000000004,-2572.7622371623856,9404.434829963531,2.875026260216393,0.01970218652309548
4.0,-3090.1699437494735,9510.565162951536,2.938926261462366,0.019753766811902756
4.1000000000000005,-3623.1171487373863,9588.30131600614,3.0021011266294204,0.01980047315433115
4.2,-4170.0528516651975,9636.423569681803,3.0645352682648825,0.019842294026289557
4.3,-4729.346075951088,9653.796439426618,3.1262132816785253,0.019879219109103594
4.4,-5299.29041511887,9639.3734804825,3.1871199487434487,0.0199112392920616
4.5,-5878.108853054424,9592.20184898354,3.2472402416509185,0.01993834667466256
4.6000000000000005,-6463.958845299504,9511.426604157461,3.3065593266182596,0.019960534568565433
4.7,-7054.93764757914,9396.294737223312,3.3650625675488666,0.019977797499239402
4.800000000000001,-7649.087876984282,9246.158913309468,3.4227355296434436,0.019990131207314632
4.9,-8244.403290494725,9060.480913487969,3.4795639829615714,0.019997532649633214
5.0,-8838.834764831843,8838.834764831845,3.5355339059327378,0.02
5.1000000000000005,-9430.296460977273,8580.90954724961,3.5906314888159447,0.019997532649633214
5.2,-10016.672156085258,8286.511866732968,3.644843137107058,0.019990131207314632
5.300000000000001,-10595.821724953948,7955.567985567964,3.6981554748930483,0.019977797499239402
5.4,-11165.587752706586,7588.125601003761,3.7505553481522975,0.019960534568565433
5.5,-11723.80225986877,7184.355264844298,3.802029828000154,0.01993834667466256
5.6000000000000005,-12268.293520614092,6744.551437424014,3.852566213878946,0.0199112392920616
5.7,-12796.892954588777,6269.133170446788,3.9021520366916485,0.019879219109103594
5.800000000000001,-13307.44207241773,5758.644414204314,3.950775061878452,0.019842294026289557
5.9,-13797.799454740545,5213.753945744041,3.998423292435453,0.01980047315433115
6.0,-14265.847744427303,4635.254915624213,4.045084971874737,0.019753766811902756
6.1000000000000005,-14709.500631481424,4024.06401197193,4.090748587125118,0.019702186523095477
6.2,-15126.709810050583,3381.220241646413,4.1354028713728095,0.019645745014573775
6.300000000000001,-15515.471886937694,2707.8833294006945,4.179036806841351,0.019584456212435316
6.4,-15873.835221031646,2005.3317370288655,4.221639627510076,0.01951833523877495
6.5,-16199.90667316333,1274.9603055774824,4.263200821770461,0.019447398407953533
6.6000000000000005,-16491.85824603457,518.2775247891159,4.303710135019718,0.019371663222572624
6.7,-16747.933594067814,-263.0975649730002,4.3431575721909566,0.01929114836915596
6.800000000000001,-16966.454383280616,-1067.4388319983268,4.381533400219318,0.01920587371353886
6.9,-17145.82648160185,-1892.9168663205332,4.418828150443467,0.019115860295966604
7.0,-17284.54596041491,-2737.603138204038,4.455032620941839,0.019021130325903073
7.1000000000000005,-17381.204888536347,-3599.474492578098,4.490137878803078,0.018921707176550905
7.2,-17434.49690031536,-4476.417968967382,4.524135262330098,0.01881761537908451
7.300000000000001,-17443.222520069525,-5366.235935489555,4.557016383177227,0.018708880616597347
7.4,-17406.29422565317,-6266.651524537885,4.588773128419906,0.01859552971776503
7.5,-17322.74123458663,-7175.314356845432,4.619397662556434,0.018477590650225736
7.6000000000000005,-17191.71399685437,-8089.806539736381,4.648882429441256,0.018355092513679627
7.7,-17012.488379207352,-9007.648924516034,4.677220154149336,0.018228065532708906
7.800000000000001,-16784.4695265769,-9926.30760713224,4.704403844771128,0.01809654104932039
7.9,-16507.195387023337,-10843.200655463103,4.730426794137727,0.017960551515212312
8.0,-16180.339887498949,-11755.705045849461,4.755282581475767,0.01782013048376736
8.1,-15803.715748601184,-12661.163790798024,4.7789650739916505,0.01767531260177387
8.200000000000001,-15377.276927424416,-13556.893239134866,4.801468428384716,0.01752613360087727
8.3,-14901.120678586163,-14440.190529290527,4.822787092288991,0.017372630288763825
8.4,-14375.489224502464,-15308.341175849646,4.842915805643155,0.017214840540078873
8.5,-13800.771027016412,-16158.62676900065,4.861849601988383,0.017052803287081846
8.6,-13177.501653538995,-16988.332766077343,4.879583809693736,0.016886558510040305
8.700000000000001,-12506.3642319413,-17794.756353994268,4.896114053108828,0.016716147227365405
8.8,-11788.189489537921,-18575.214361044338,4.911436253643443,0.016541611485491235
8.9,-11023.955372621065,-19327.051196249755,4.92554663077387,0.016362994348500467
9.0,-10214.786244139805,-20047.646794238277,4.938441702975689,0.016180339887498948
9.1,-9361.95165826623,-20734.42454345637,4.950118288582788,0.01599369316974181
9.200000000000001,-8466.86471174759,-21384.85917542979,4.9605735065723895,0.015803100247513805
9.3,-7531.0799731069765,-21996.484592740428,4.969804777275899,0.015608608146766595
9.4,-6556.290991921875,-22566.901613408165,4.9778098230154,0.015410264855515785
9.5,-5544.327391577767,-23093.785609444814,4.9845866686656395,0.015208119312000619
9.600000000000001,-4497.151550057371,-23574.894017488536,4.990133642141358,0.015002221392609188
9.700000000000001,-3416.854874486365,-24008.073699626526,4.99444937480985,0.014792621899572192
9.8,-2305.6536763035924,-24391.268132775465,4.997532801828658,0.014579372548428228
9.9,-1165.8846550636538,-24722.52440530876,4.999383162408303,0.014362525955263777
10.0,-4.5924254968025744e-12,-25000.0,5.0,0.014142135623730952
10.100000000000001,1189.437880418511,-25221.969342789747,4.999383162408303,0.013918255931846282
10.200000000000001,2399.7619896221195,-25386.83009737854,4.997532801828658,0.01369094211857377
10.3,3628.2067223927506,-25493.109186201356,4.99444937480985,0.013460250270195467
10.4,4871.914179228831,-25539.468518945905,4.990133642141358,0.013226237306473036
10.5,6127.940801217524,-25524.71041043901,4.9845866686656395,0.012988960966603676
10.600000000000001,7393.264310039574,-25447.78267043899,4.9778098230154,0.01274847979497379
10.700000000000001,8664.79093680049,-25307.78334863684,4.969804777275899,0.012504853126714103
10.8,9939.362922486313,-25103.965118982782,4.9605735065723895,0.012258141073059527
10.9,11213.766271989216,-24835.739288315883,4.950118288582788,0.01200840450651768
11.0,12484.738742837535,-24502.679415180122,4.938441702975689,0.011755705045849465
11.100000000000001,13748.97804899932,-24104.524525659803,4.925546630773869,0.011500105040865568
11.200000000000001,15003.150259411912,-23641.181914056422,4.911436253643443,0.011241667557042615
11.3,16243.89837022264,-23112.729517256903,4.896114053108828,0.010980456359962634
11.4,17467.851029109846,-22519.41785270717,4.879583809693737,0.010716535899579934
11.5,18671.631389492766,-21861.6715110009,4.861849601988383,0.010449971294318978
11.600000000000001,19851.866071931992,-21140.090195220917,4.842915805643155,0.010180828315007422
11.700000000000001,21005.19420957329,-20355.449300325185,4.822787092288991,0.009909173368648147
11.8,22128.276554098567,-19508.700027047726,4.801468428384715,0.009635073482034304
11.9,23217.804618315295,-18600.969025987248,4.778965073991651,0.009358596285211468
12.0,24270.50983124842,-17633.557568774202,4.755282581475768,0.009079809994790937
12.100000000000001,25283.172681390184,-16607.940244443475,4.730426794137727,0.008798783397118306
12.200000000000001,26252.6318236203,-15525.7631803863,4.704403844771127,0.00851558583130145
12.3,27175.79312522732,-14388.841788512635,4.677220154149336,0.008230287172102174
12.4,28049.6386264466,-13199.158038517262,4.648882429441257,0.007942957812695613
12.5,28871.235390977705,-11958.857261409075,4.619397662556434,0.007653668647301798
12.600000000000001,29637.744222058118,-10670.244487726655,4.588773128419906,0.007362491053693555
12.700000000000001,30346.428219846977,-9335.780326125661,4.557016383177226,0.00706949687558514
12.8,30994.6611561162,-7958.076389275344,4.524135262330097,0.006774758404905826
12.9,31579.935642551944,-6539.890275247527,4.490137878803078,0.006478348363962989
13.0,32099.871069341974,-5084.12011380751,4.455032620941839,0.00618033988749895
13.100000000000001,32552.221291157137,-3593.7986882317205,4.418828150443466,0.005880806504646075
13.200000000000001,32934.882038132964,-2072.0871444673376,4.381533400219318,0.0055798221207845914
13.3,33245.89803001522,-522.2683006180426,4.343157572190956,0.0052774609993074565
13.4,33483.46977225201,1052.2604291173134,4.303710135019719,0.004973797743297097
13.5,33645.960013493066,2647.9944808147734,4.263200821770462,0.0046689072771181105
13.600000000000001,33731.89984469225,4261.329941186342,4.221639627510075,0.004362864827930846
13.700000000000001,33739.994420801006,5888.571684569795,4.179036806841351,0.004055745907130246
13.8,33669.128286886786,7525.9418281807275,4.135402871372809,0.0037476262917144915
13.9,33518.370291408486,9169.588486296709,4.090748587125117,0.0034385820055881917
14.0,33286.97807033038,10815.594803123151,4.045084971874737,0.0031286893008046195
14.100000000000001,32974.402086752816,12459.988243218826,3.998423292435453,0.002818024638751657
14.200000000000001,32580.28921178134,14098.750117534717,3.9507750618784514,0.002506664671286082
14.3,32104.485833442002,15727.825322348994,3.9021520366916485,0.0021946862218209045
14.4,31547.040481579097,17343.132267661735,3.852566213878946,0.0018821662663702872
14.5,30908.205957835857,18940.572970953122,3.8020298280001548,0.0015691819145569014
14.600000000000001,30188.440961021497,20516.043291602793,3.7505553481522966,0.0012558103905862628
14.700000000000001,29388.411199400573,22065.443280726256,3.698155474893048,0.0009421290141928502
14.8,28508.989982704214,23584.6876207015,3.644843137107057,0.0006282151815625648
14.9,27551.25828795321,25069.716128239055,3.5906314888159443,0.0003141463462364142
15.0,26516.50429449554,26516.504294495524,3.5355339059327378,2.4492935982947064e-18
15.100000000000001,25406.222384993915,27921.073835442556,3.4795639829615705,-0.0003141463462364182
15.200000000000001,24222.111610450207,29279.50322547999,3.422735529643444,-0.0006282151815625599
15.3,22966.073618715072,30587.93818713121,3.3650625675488666,-0.0009421290141928543
15.4,21640.210047307046,31842.602109570624,3.306559326618259,-0.0012558103905862669
15.5,20246.81938274301,33039.806368721074,3.247240241650919,-0.0015691819145568964
15.600000000000001,18788.393289966898,34175.96052171068,3.1871199487434474,-0.001882166266370291
15.700000000000001,17267.61241684468,35247.582348604155,3.1262132816785253,-0.0021946862218209084
15.8,15687.341680073825,36251.30771451726,3.0645352682648817,-0.0025066646712860858
15.9,14050.625040225472,37183.900225487225,3.00210112662942,-0.0028180246387516524
16.0,12360.679774997909,38042.260651806144,2.9389262614623664,-0.0031286893008046148
16.1,10620.890261106246,38823.43609292638,2.8750262602163934,-0.0034385820055881865
16.2,8834.801276560007,39524.62885851926,2.810416889260654,-0.0037476262917144863
16.3,7006.110836385912,40143.20504080704,2.7451140899906585,-0.004055745907130251
16.400000000000002,5138.662576136458,40676.702753893594,2.679133974894981,-0.0043628648279308594
16.5,3236.437698773635,41122.84001649153,2.6124928235797444,-0.004668907277118105
16.6,1303.5465017422928,41479.522255177864,2.5452070787518553,-0.0049737977432971
16.7,-655.7804977684967,41744.84940610933,2.4772933421620387,-0.005277460999307452
16.8,-2637.2018202311715,41917.12259398741,2.408768370508576,-0.005579822120784585
16.900000000000002,-4636.274643596698,41994.850367981344,2.339649071302865,-0.005880806504646087
17.0,-6648.464764209762,41976.75447529336,2.269952498697734,-0.006180339887498946
17.1,-8669.15687649096,41861.77515408048,2.1996958492795744,-0.006478348363962993
17.2,-10693.665148088758,41649.075928531136,2.1288964578253644,-0.006774758404905822
17.3,-12717.2440662971,41338.04789002779,2.0575717930255437,-0.007069496875585143
17.400000000000002,-14735.09953067023,40928.313449508794,1.985739453173903,-0.007362491053693559
17.5,-16742.400165972682,40419.72954736879,1.9134171618254494,-0.0076536686473017935
17.6,-18734.28882886323,39812.39030850485,1.8406227634233887,-0.007942957812695616
17.7,-20705.894281030356,39106.62913142469,1.767374218896287,-0.00823028717210217
17.8,-22652.343000891527,38303.020201675485,1.6936896012264566,-0.008515585831301454
17.900000000000002,-24568.771105416432,37402.37942123008,1.6195870909907473,-0.008798783397118301
18.0,-26450.33635316128,36405.76474687264,1.5450849718747375,-0.009079809994790933
18.1,-28292.23019919067,35314.47593205942,1.4702016261615207,-0.009358596285211464
18.2,-30089.68987222612,34130.05366818593,1.3949555301961478,-0.0096350734820343
18.3,-31838.010444098374,32854.2781226659,1.319365249826864,-0.00990917336864815
18.400000000000002,-33532.55686138495,31489.16687271967,1.2434494358242718,-0.010180828315007433
18.5,-35168.77590900141,30036.97223527102,1.1672268192795276,-0.010449971294318974
18.6,-36742.2080754696,28500.17799486341,1.0907162069827117,-0.010716535899579936
18.7,-38248.49928961981,26881.495533023324,1.0139364767825638,-0.010980456359962629
18.8,-39683.412498594735,25183.859364012795,0.9369065729286229,-0.011241667557042612
18.900000000000002,-41042.83905720453,23410.42208343126,0.8596455013970457,-0.011500105040865578
19.0,-42322.809898947446,21564.548737628527,0.7821723252011549,-0.011755705045849461
19.1,-43519.506459342534,19649.810623393892,0.7045061596879121,-0.012008404506517686
19.200000000000003,-44629.2713226361,17669.978528864467,0.6266661678215204,-0.012258141073059533
19.3,-45648.61856342908,15629.015428060684,0.5486715554552261,-0.012504853126714104
19.400000000000002,-46574.243755331765,13531.068642902563,0.47054156659257174,-0.012748479794973793
19.5,-47403.03361938674,11380.461487975384,0.3922954786392253,-0.012988960966603671
19.6,-48132.07528570576,9181.684414700474,0.3139525976465657,-0.013226237306473041
19.700000000000003,-48758.66514254048,6939.385672925883,0.23553225354821256,-0.013460250270195468
19.8,-49280.31724785246,4658.36150926645,0.15705379539064118,-0.013690942118573775
19.900000000000002,-49694.771279358014,2343.5459228046834,0.07853658655910355,-0.013918255931846287
20.0,-50000.0,1.8369701987210298e-11,6.123233995736766e-16,-0.014142135623730949
20.1,-50194.216216839,-2367.099148159557,-0.07853658655910231,-0.014362525955263774
20.200000000000003,-50275.87921245554,-4752.469822585108,-0.1570537953906444,-0.014579372548428239
20.3,-50243.700629115294,-7150.737520832396,-0.23553225354821355,-0.014792621899572193
20.400000000000002,-50096.64978716312,-9556.447043871973,-0.3139525976465689,-0.015002221392609197
20.5,-49833.95842038093,-11964.07489761511,-0.3922954786392219,-0.015208119312000612
20.6,-49455.12481236257,-14368.041961020297,-0.47054156659257274,-0.015410264855515788
20.700000000000003,-48959.91731932547,-16762.726391754255,-0.5486715554552293,-0.015608608146766607
20.8,-48348.37726618909,-19142.47673960322,-0.6266661678215214,-0.01580310024751381
20.900000000000002,-47620.82120420199,-21501.625237117016,-0.7045061596879131,-0.01599369316974181
21.0,-46777.8425198893,-23834.501236326232,-0.7821723252011537,-0.016180339887498948
21.1,-45820.31238661456,-26135.44475980955,-0.8596455013970489,-0.016362994348500474
21.200000000000003,-44749.3800516068,-28398.820133886817,-0.9369065729286239,-0.016541611485491232
21.3,-43566.47245288254,-30619.02967130453,-1.0139364767825647,-0.016716147227365412
21.400000000000002,-42273.29316209946,-32790.52737043422,-1.0907162069827148,-0.016886558510040308
21.5,-40871.82065100166,-34907.83259774737,-1.1672268192795263,-0.01705280328708185
21.6,-39364.3058807562,-36965.54372014922,-1.243449435824273,-0.017214840540078866
21.700000000000003,-37753.269215133005,-38958.351653653044,-1.3193652498268673,-0.017372630288763825
21.8,-36041.496660139026,-40881.05329486005,-1.3949555301961465,-0.01752613360087727
21.900000000000002,-34232.03543437983,-42728.56480177359,-1.4702016261615194,-0.01767531260177387
22.0,-32328.188876086046,-44495.9346906221,-1.5450849718747346,-0.017820130483767346
22.1,-30333.51069439677,-46178.356715596936,-1.6195870909907482,-0.017960551515212312
22.200000000000003,-28251.79857414557,-47771.1824987189,-1.6936896012264597,-0.018096541049320396
22.3,-26087.08714502698,-49269.93387744465,-1.7673742188962838,-0.018228065532708903
22.400000000000002,-23843.640327644058,-50670.31493809711,-1.8406227634233896,-0.018355092513679627
22.5,-21525.943070536345,-51968.22370375986,-1.9134171618254483,-0.01847759065022573
22.6,-19138.69249385888,-53159.76344591378,-1.9857394531739039,-0.01859552971776503
22.700000000000003,-16686.788456933136,-54241.25358980529,-2.057571793025544,-0.018708880616597347
22.8,-14175.32356839667,-55209.240184332,-2.1288964578253635,-0.01881761537908451
22.900000000000002,-11609.572659160349,-56060.50590809609,-2.1996958492795775,-0.018921707176550912
23.0,-8994.98173981335,-56792.0795842204,-2.2699524986977333,-0.019021130325903073
23.1,-6337.156465507904,-57401.24517753662,-2.339649071302866,-0.0191158602959666
23.200000000000003,-3641.850132700078,-57885.55024883976,-2.4087683705085787,-0.019205873713538865
23.3,-914.9512334135225,-58242.81384205673,-2.477293342162038,-0.019291148369155964
23.400000000000002,1837.529406070574,-58471.1337813953,-2.545207078751856,-0.01937166322257262
23.5,4609.471874010891,-58568.89335682127,-2.6124928235797458,-0.019447398407953533
23.6,7394.660780293988,-58534.7673775542,-2.6791339748949836,-0.01951833523877495
23.700000000000003,10186.799191554985,-58367.72757467036,-2.745114089990659,-0.019584456212435316
23.8,12979.522863094184,-58067.04733535549,-2.8104168892606514,-0.019645745014573772
23.900000000000002,15766.414735431072,-57632.30575285342,-2.8750262602163943,-0.019702186523095477
24.0,18541.01966249682,-57063.39097770923,-2.938926261462365,-0.019753766811902752
24.1,21296.859337700254,-56360.5028574995,-3.0021011266294195,-0.01980047315433115
24.200000000000003,24027.447383404273,-55524.15485388084,-3.064535268264883,-0.019842294026289557
24.3,26726.304568746826,-54555.17522745742,-3.1262132816785257,-0.01987921910910359
24.400000000000002,29386.974120204744,-53454.70748267562,-3.18711994874345,-0.0199112392920616
24.5,32003.037088851914,-52224.21006668812,-3.247240241650916,-0.01993834667466256
24.6,34568.12773790602,-50865.45531788556,-3.3065593266182605,-0.019960534568565433
24.700000000000003,37075.94891387336,-49380.527661577835,-3.365062567548869,-0.019977797499239402
24.8,39520.28736441872,-47771.82105209897,-3.4227355296434436,-0.019990131207314632
24.900000000000002,41895.02896598339,-46042.035662418464,-3.4795639829615714,-0.019997532649633214
25.0,44194.17382415916,-44194.173824159276,-3.5355339059327373,-0.02
25.1,46411.851209907814,-42231.53522273823,-3.5906314888159447,-0.019997532649633214
25.200000000000003,48542.334294874796,-40157.71135416738,-3.644843137107058,-0.019990131207314632
25.3,50580.0546493085,-37976.579251862146,-3.69815547489305,-0.0199777974992394
25.400000000000002,52519.61646643466,-35692.29449361033,-3.7505553481522993,-0.019960534568565433
25.5,54355.810477573315,-33309.28350064183,-3.802029828000153,-0.01993834667466256
25.6,56083.62752280729,-30832.235142509744,-3.852566213878947,-0.0199112392920616
25.700000000000003,57698.271742619596,-28266.091663242478,-3.9021520366916516,-0.01987921910910359
25.8,59195.17335661678,-25616.038945943346,-3.950775061878452,-0.019842294026289557
25.900000000000002,60570.00099623393,-22887.49613470686,-3.9984232924354526,-0.01980047315433115
26.0,61818.67355918497,-20086.10463437161,-4.045084971874736,-0.019753766811902756
26.1,62937.37155437133,-17217.716510240574,-4.090748587125119,-0.019702186523095477
26.200000000000003,63922.547906987966,-14288.38231147349,-4.135402871372811,-0.019645745014573772
26.3,64770.93819467638,-11304.338343371204,-4.17903680684135,-0.019584456212435316
26.400000000000002,65479.57028675554,-8271.993415244064,-4.221639627510074,-0.019518335238774952
26.5,66045.77335981972,-5197.9150919697895,-4.263200821770462,-0.019447398407953533
26.6,66467.18626432115,-2088.815478695552,-4.303710135019719,-0.01937166322257262
26.700000000000003,66741.76521815086,1048.4634305641696,-4.3431575721909566,-0.01929114836915596
26.8,66867.79080469419,4206.9648084640585,-4.381533400219318,-0.01920587371353886
26.900000000000002,66843.87425436084,7379.632420872899,-4.418828150443467,-0.019115860295966604
27.0,66668.96299017179,10559.32639021561,-4.455032620941839,-0.019021130325903073
27.1,66342.34541962465,13738.83926040367,-4.490137878803077,-0.01892170717655091
27.200000000000003,65863.65495674692,16910.912327210117,-4.524135262330099,-0.018817615379084506
27.3,65232.87325998605,20068.252197104663,-4.557016383177225,-0.01870888061659735
27.400000000000002,64450.33267336442,23203.547536802533,-4.5887731284199065,-0.018595529717765024
27.5,63516.717860150966,26309.48597509992,-4.619397662556434,-0.018477590650225733
27.6,62433.066620155325,29378.771117990047,-4.648882429441257,-0.01835509251367962
27.700000000000003,61200.769883641995,32404.139637544784,-4.677220154149337,-0.018228065532708903
27.8,59821.57087677408,35378.378394650805,-4.704403844771127,-0.018096541049320392
27.900000000000002,58297.563455436895,38294.341555369625,-4.7304267941377285,-0.017960551515212305
28.0,56631.18960624634,41144.96766047309,-4.755282581475767,-0.01782013048376736
28.1,54825.23611551766,43923.296607583296,-4.77896507399165,-0.017675312601773872
28.200000000000003,52882.83040894736,46622.486505317494,-4.801468428384715,-0.017526133600877278
28.3,50807.43556674563,49235.83035890621,-4.822787092288991,-0.01737263028876382
28.400000000000002,48602.844520936895,51756.77254692024,-4.842915805643156,-0.01721484054007887
28.5,46273.173443525644,54178.92504900216,-4.861849601988382,-0.01705280328708185
28.6,43822.854336187746,56496.08338486193,-4.879583809693737,-0.0168865585100403
28.700000000000003,41256.62683410522,58702.24222524544,-4.896114053108828,-0.016716147227365405
28.8,38579.529238487805,60791.61063614505,-4.911436253643443,-0.016541611485491235
28.900000000000002,35796.88879424146,62758.62691815931,-4.925546630773869,-0.01636299434850047
29.0,32914.31123111724,64597.973003656625,-4.938441702975688,-0.01618033988749895
29.1,29937.6695885216,66304.58837522868,-4.950118288582788,-0.015993693169741814
29.200000000000003,26873.09234598139,67873.6834698424,-4.9605735065723895,-0.0158031002475138
29.3,23726.950883014415,69300.7525341177,-4.969804777275899,-0.01560860814676659
29.400000000000002,20505.846293883278,70581.58589725535,-4.9778098230154,-0.015410264855515781
29.5,17216.59558437303,71712.28162932865,-4.9845866686656395,-0.015208119312000628
29.6,13866.217279343713,72689.25655392295,-4.990133642141358,-0.01500222139260919
29.700000000000003,10461.916471365428,73509.25658545441,-4.99444937480985,-0.014792621899572181
29.8,7011.069342229318,74169.36636292946,-4.997532801828658,-0.014579372548428232
29.900000000000002,3521.2071905457437,74667.01815340726,-4.999383162408303,-0.014362525955263779
30.0,4.133182947122317e-11,75000.0,-5.0,-0.014142135623730954
30.1,-3544.760415900615,75166.46309088824,-4.999383162408303,-0.013918255931846278
30.200000000000003,-7105.177655548017,75164.92832753254,-4.997532801828657,-0.013690942118573766
30.3,-10673.268319271983,74994.29207202923,-4.99444937480985,-0.013460250270195474
30.400000000000002,-14240.979908515083,74653.83105538033,-4.990133642141358,-0.013226237306473045
30.5,-17800.208994012715,74143.20643032287,-4.9845866686656395,-0.01298896096660367
30.6,-21342.81961200101,73462.46695428615,-4.9778098230154,-0.012748479794973793
30.700000000000003,-24860.661846707982,72612.05129001409,-4.969804777275899,-0.012504853126714104
30.8,-28345.590556720137,71592.78941339538,-4.9605735065723895,-0.01225814107305953
30.900000000000002,-31789.48420224476,70405.90312008811,-4.950118288582788,-0.012008404506517682
31.0,-35184.2637298149,69053.00562459849,-4.938441702975689,-0.011755705045849468
31.1,-38521.91147061976,67536.10024756934,-4.92554663077387,-0.011500105040865577
31.200000000000003,-41794.490008361725,65857.57818915718,-4.911436253643443,-0.011241667557042603
31.3,-44994.16097238646,64020.21538850814,-4.896114053108829,-0.010980456359962643
31.400000000000002,-48113.20371175861,62027.168471491736,-4.879583809693736,-0.010716535899579927
31.5,-51144.03380600196,59881.96979100245,-4.861849601988383,-0.010449971294318974
31.6,-54079.22136836643,57588.52156629148,-4.842915805643155,-0.010180828315007424
31.700000000000003,-56911.509097732785,55151.089129940854,-4.822787092288991,-0.00990917336864815
31.8,-59633.830035621526,52574.29329323033,-4.801468428384715,-0.009635073482034308
31.900000000000002,-62239.32498523184,49863.10184277246,-4.77896507399165,-0.009358596285211455
32.0,-64721.35954999577,47022.82018339789,-4.755282581475768,-0.00907980999479094
32.1,-67073.5407498037,44059.081144350064,-4.730426794137727,-0.008798783397118308
32.2,-69289.73317381748,40977.833967904844,-4.704403844771128,-0.00851558583130146
32.300000000000004,-71364.07462966205,37785.33250154121,-4.677220154149336,-0.008230287172102169
32.4,-73290.99124974752,34488.122616771005,-4.648882429441258,-0.007942957812695623
32.5,-75065.21201654202,31093.028879663623,-4.619397662556435,-0.007653668647301808
32.6,-76681.78266976941,27607.140499991143,-4.588773128419906,-0.007362491053693557
32.7,-78136.07895976354,24037.796587740697,-4.557016383177226,-0.0070694968755851415
32.800000000000004,-79423.81921254777,20392.570747518028,-4.524135262330096,-0.006774758404905812
32.9,-80541.07617364023,16679.25504307318,-4.490137878803078,-0.006478348363962992
33.0,-81484.28809909883,12905.843365819168,-4.45503262094184,-0.006180339887498954
33.1,-82250.26906391612,9080.51424278407,-4.418828150443468,-0.005880806504646086
33.2,-82836.21845954655,5211.613120932884,-4.3815334002193165,-0.005579822120784576
33.300000000000004,-83239.72965409826,1307.6341662088932,-4.343157572190955,-0.0052774609993074505
33.4,-83458.79779053859,-2622.7983830236462,-4.3037101350197196,-0.004973797743297107
33.5,-83491.82670014947,-6570.949267207,-4.263200821770463,-0.004668907277118122
33.6,-83337.63491041615,-10527.991619401597,-4.221639627510075,-0.004362864827930849
33.7,-82995.46072853972,-14485.026698540196,-4.179036806841348,-0.0040557459071302315
33.800000000000004,-82464.96638382414,-18433.103898007987,-4.135402871372807,-0.0037476262917144764
33.9,-81746.2412142984,-22363.240984565247,-4.09074858712512,-0.0034385820055882117
34.0,-80839.80388508811,-26266.444521870337,-4.045084971874738,-0.0031286893008046217
34.1,-79746.60362824619,-30133.73043218167,-3.998423292435451,-0.0028180246387516424
34.2,-78468.02049598031,-33956.144649273934,-3.9507750618784505,-0.002506664671286076
34.300000000000004,-77005.86462147276,-37724.78381514482,-3.902152036691647,-0.002194686221820898
34.4,-75362.37448377226,-41430.81597274752,-3.852566213878948,-0.0018821662663702982
34.5,-73540.2141755405,-45065.50120675051,-3.802029828000154,-0.001569181914556895
34.6,-71542.46967474971,-48620.21218420913,-3.7505553481522975,-0.0012558103905862654
34.7,-69372.6441237551,-52086.45454702045,-3.6981554748930483,-0.0009421290141928527
34.800000000000004,-67034.65212149353,-55455.887108136194,-3.644843137107058,-0.0006282151815625673
34.9,-64532.81303688382,-58720.341803727584,-3.5906314888159447,-0.0003141463462364166
35.0,-61871.84335382289,-61871.84335382292,-3.5355339059327386,-4.898587196589413e-18
35.1,-59056.84806048267,-64902.62858437295,-3.4795639829615728,0.00031414634623640685
35.2,-56093.3110978846,-67805.16536426955,-3.4227355296434414,0.0006282151815625752
35.300000000000004,-52987.084885009244,-70572.17111148576,-3.365062567548865,0.0009421290141928606
35.4,-49744.378939913615,-73196.63082329868,-3.3065593266182614,0.0012558103905862556
35.5,-46371.74761854061,-75671.8145864256,-3.247240241650917,0.0015691819145569029
35.6,-42876.07699505263,-77991.29452390388,-3.1871199487434483,0.0018821662663702885
35.7,-39264.57090964048,-80148.96113663491,-3.1262132816785257,0.0021946862218209058
35.800000000000004,-35544.736211812735,-82139.03899871638,-3.0645352682648825,0.0025066646712860836
35.9,-31724.36722918858,-83956.1017669805,-3.0021011266294204,0.0028180246387516502
36.0,-27811.529493745325,-85595.08646656381,-2.938926261462367,0.0031286893008046126
36.1,-23814.542759374755,-87051.30701581633,-2.875026260216394,0.0034385820055881844
36.2,-19741.96334638705,-88320.46695545665,-2.8104168892606545,0.003747626291714484
36.300000000000004,-15602.56585035647,-89398.67134854574,-2.7451140899906568,0.0040557459071302576
36.4,-11405.324254351843,-90282.43781961745,-2.6791339748949854,0.0043628648279308395
36.5,-7159.392485165791,-90968.70670314794,-2.612492823579747,0.004668907277118095
36.6,-2874.0844556487846,-91454.85027346443,-2.545207078751856,0.004973797743297098
36.7,1441.1463633597216,-91738.68103019237,-2.4772933421620373,0.005277460999307458
36.800000000000004,5776.7277966969,-91818.459015401,-2.4087683705085725,0.005579822120784601
36.9,10122.990198148887,-91692.89814074033,-2.3396490713028677,0.0058808065046460755
37.0,14470.188016221211,-91361.17150505027,-2.2699524986977346,0.006180339887498943
37.1,18808.52164431661,-90822.91568516876,-2.199695849279577,0.006478348363962981
37.2,23128.159506331463,-90078.2339849627,-2.128896457825361,0.006774758404905837
37.300000000000004,27419.260327912532,-89127.69862994425,-2.0575717930255424,0.007069496875585149
37.4,31671.99554293451,-87972.35189722016,-1.9857394531739059,0.0073624910536935475
37.5,35876.57178422715,-86613.70617293315,-1.913417161825452,0.007653668647301782
37.6,40023.253407117016,-85053.74293180574,-1.8406227634233894,0.007942957812695614
37.7,44102.384994059124,-83294.91063585931,-1.7673742188962813,0.008230287172102193
37.800000000000004,48104.41378841008,-81340.12155187268,-1.693689601226453,0.008515585831301468
37.9,52019.91200532288,-79192.74748964368,-1.619587090990752,0.008798783397118284
38.0,55839.59896778476,-76856.61446562015,-1.5450849718747384,0.009079809994790931
38.1,59554.36301597591,-74335.99629897591,-1.470201626161517,0.009358596285211476
38.2,63155.28313840892,-71635.60714970874,-1.3949555301961438,0.009635073482034313
38.300000000000004,66633.65027371419,-68760.59301082527,-1.3193652498268627,0.009909173368648157
38.400000000000006,69980.98823245575,-65716.52216915388,-1.2434494358242725,0.010180828315007431
38.5,73189.0741890029,-62509.374651780265,-1.1672268192795259,0.010449971294318981
38.6,76249.95869425421,-59145.53067751214,-1.090716206982712,0.010716535899579934
38.7,79155.98516087103,-55631.75813518719,-1.0139364767825623,0.010980456359962636
38.800000000000004,81899.80877369561,-51975.19911296248,-0.9369065729286234,0.01124166755704261
38.900000000000006,84474.41477911417,-48183.35550505153,-0.8596455013970441,0.011500105040865584
39.0,86873.13610836587,-44264.0737246058,-0.7821723252011554,0.011755705045849458
39.1,89089.67029111473,-40225.52855364947,-0.704506159687915,0.012008404506517675
39.2,91118.0956170487,-36076.206163098315,-0.626666167821519,0.012258141073059536
39.300000000000004,92952.88650480646,-31824.88633796783,-0.5486715554552245,0.012504853126714108
39.400000000000006,94588.92803917898,-27480.623944863837,-0.4705415665925702,0.0127484797949738
39.5,96021.52963927061,-23052.729680770513,-0.39229547863922376,0.012988960966603676
39.6,97246.43782214019,-18550.750143986705,-0.3139525976465663,0.01322623730647304
39.7,98259.84802836833,-13984.44726980516,-0.2355322535482132,0.013460250270195467
39.800000000000004,99058.41547800649,-9363.777175192019,-0.1570537953906418,0.013690942118573773
39.900000000000006,99639.26502745654,-4698.86845828646,-0.07853658655909972,0.013918255931846297
40.0,100000.0,-7.347880794884119e-11,-1.2246467991473533e-15,0.014142135623730947
